case,frame_level,number of classes,number of methods
LANG-12b,1,1,1
LANG-12b,2,1,1
LANG-9b,1,1,1
LANG-9b,2,1,2
LANG-9b,3,2,3
LANG-9b,4,2,4
LANG-9b,5,2,5
LANG-9b,6,3,6
LANG-9b,7,4,7
LANG-9b,8,4,7
LANG-9b,9,5,8
LANG-9b,10,5,9
MATH-100b,1,1,1
MATH-81b,1,1,1
MATH-81b,2,1,2
MATH-81b,3,1,3
MATH-81b,4,1,4
MATH-81b,5,1,5
MATH-81b,6,1,6
MATH-98b,1,1,1
MOCKITO-34b,1,1,1
MOCKITO-3b,1,1,1
MOCKITO-3b,2,2,2
MOCKITO-3b,3,2,2
MOCKITO-3b,4,3,3
MOCKITO-3b,5,4,4
MOCKITO-3b,6,5,5
MOCKITO-3b,7,6,6
MOCKITO-3b,8,7,7
MOCKITO-3b,9,8,8
MOCKITO-3b,10,9,9
MOCKITO-3b,11,9,10
MATH-32b,1,1,1
MATH-32b,2,2,2
MATH-32b,3,3,3
MATH-32b,4,3,4
MATH-32b,5,4,5
MATH-32b,6,4,5
MATH-32b,7,4,5
MATH-32b,8,4,5
MATH-32b,9,5,6
MATH-32b,10,5,6
MATH-89b,1,1,1
MOCKITO-12b,1,1,1
CHART-4b,1,1,1
CHART-4b,2,2,2
CHART-4b,3,2,3
CHART-4b,4,3,4
CHART-4b,5,3,5
CHART-4b,6,4,6
LANG-33b,1,1,1
MOCKITO-36b,1,1,1
MATH-79b,1,1,1
MATH-79b,2,1,2
MATH-70b,1,1,1
MATH-70b,2,1,1
MATH-70b,3,1,1
XWIKI-14152,2,1,1
XWIKI-14152,3,2,2
XWIKI-14152,4,2,3
XWIKI-14152,5,3,4
XWIKI-14152,6,4,5
XWIKI-14152,7,4,5
XWIKI-14152,8,5,6
XWIKI-13942,1,1,1
XWIKI-13942,2,2,2
XWIKI-13942,3,3,3
XWIKI-13942,4,3,4
XWIKI-13942,5,4,5
XCOMMONS-928,1,1,1
XCOMMONS-928,2,1,2
XCOMMONS-928,3,2,3
XCOMMONS-928,4,2,4
XCOMMONS-928,5,2,5
XCOMMONS-928,6,3,6
XCOMMONS-928,7,4,7
XCOMMONS-928,8,4,8
XCOMMONS-928,9,5,9
XCOMMONS-928,10,6,10
XCOMMONS-928,11,7,11
XCOMMONS-928,12,7,11
XCOMMONS-928,13,7,11
XWIKI-12667,1,1,1
XWIKI-12667,2,1,2
XWIKI-12667,3,2,3
XWIKI-12667,4,3,4
XWIKI-12667,5,3,5
XWIKI-12667,6,3,6
XWIKI-12667,7,4,7
XWIKI-12667,8,4,8
XWIKI-12667,9,4,9
XWIKI-12667,10,5,10
XWIKI-13546,1,1,1
XWIKI-13546,2,1,2
XWIKI-13546,3,1,2
XWIKI-13546,4,2,3
XWIKI-13546,5,3,4
XWIKI-13546,6,4,5
XWIKI-13546,7,4,6
XWIKI-13546,8,4,7
XWIKI-13546,9,4,8
XWIKI-13546,10,5,9
XWIKI-13546,11,6,10
XWIKI-13546,12,6,11
XWIKI-13546,13,6,12
XWIKI-13377,1,1,1
XWIKI-13377,2,2,2
XWIKI-13377,3,3,3
XWIKI-13377,4,4,4
XWIKI-13377,5,4,5
XWIKI-13377,6,5,6
XWIKI-13377,7,5,7
XWIKI-13377,8,5,8
XWIKI-13377,9,5,9
XWIKI-13377,10,6,10
XWIKI-13377,11,6,11
XWIKI-13377,12,6,11
XWIKI-13377,13,7,12
XWIKI-13377,14,8,13
XWIKI-13377,15,9,14
XWIKI-13377,16,9,15
XWIKI-13377,17,9,16
XWIKI-13377,18,9,17
XWIKI-13377,19,10,18
XWIKI-13377,20,10,18
XWIKI-13377,29,11,19
XWIKI-13377,32,12,20
XWIKI-13377,38,13,21
XWIKI-13377,41,14,22
XWIKI-13377,44,15,23
XWIKI-13377,47,16,24
XWIKI-13031,1,1,1
XWIKI-13031,2,1,2
XWIKI-13031,3,1,3
XWIKI-13031,4,2,4
XWIKI-13031,5,3,5
XWIKI-13916,1,1,1
XWIKI-13916,2,1,1
XWIKI-13916,3,1,1
XWIKI-13916,4,2,2
XWIKI-13916,5,3,3
XWIKI-13916,6,3,4
XWIKI-13916,7,4,5
XWIKI-13916,8,5,6
XWIKI-13916,9,5,7
XWIKI-12584,1,1,1
XWIKI-12584,2,1,2
XWIKI-12584,3,1,3
XWIKI-12584,4,1,3
XWIKI-12584,5,2,4
XWIKI-12584,6,3,5
XWIKI-12482,1,1,1
XWIKI-12482,2,1,2
XWIKI-12482,3,1,3
XWIKI-12482,4,2,4
XWIKI-12482,5,2,5
XWIKI-12482,6,2,6
XWIKI-12482,7,3,7
XWIKI-12482,8,4,8
XWIKI-12482,9,5,9
XWIKI-12482,10,6,10
XWIKI-13096,1,1,1
XWIKI-13096,2,1,2
XWIKI-13096,3,2,3
XWIKI-14475,1,1,1
XWIKI-14475,2,2,2
XWIKI-14475,3,3,3
XWIKI-14475,4,4,4
XWIKI-14475,5,4,5
XWIKI-13303,1,1,1
XWIKI-13303,2,2,2
XWIKI-13303,3,2,3
XWIKI-13303,4,2,3
XWIKI-13303,5,3,4
XWIKI-13303,6,4,5
XWIKI-13303,7,5,6
XWIKI-13303,8,5,7
XWIKI-13303,9,5,7
XWIKI-13303,10,5,7
XWIKI-13303,11,6,8
XWIKI-14612,1,1,1
XWIKI-14612,2,1,1
XWIKI-14612,3,2,2
XWIKI-14612,4,3,3
XWIKI-14554,1,1,1
XWIKI-14554,2,2,2
XWIKI-14554,3,2,3
XWIKI-13708,1,1,1
XWIKI-13708,2,2,2
XWIKI-13708,3,2,2
XWIKI-13708,4,3,3
XWIKI-13708,5,3,4
XWIKI-13708,6,3,4
XWIKI-13708,7,3,4
XWIKI-13708,8,4,5
XWIKI-13708,9,4,5
XWIKI-13708,10,5,6
XWIKI-13708,11,6,7
XWIKI-13708,12,6,7
XWIKI-13708,21,7,8
XWIKI-13708,24,8,9
XWIKI-13708,30,9,10
XWIKI-13708,33,10,11
XWIKI-13708,36,11,12
XWIKI-13708,39,12,13
XWIKI-13616,1,1,1
XWIKI-13616,2,1,1
XWIKI-13616,3,2,2
XWIKI-13616,4,2,3
XWIKI-13616,5,3,4
XWIKI-13616,6,3,5
XWIKI-13616,7,3,6
XWIKI-13617,2,1,1
XWIKI-13617,3,2,2
XWIKI-14319,1,1,1
XWIKI-14319,2,2,2
XWIKI-13316,1,1,1
XWIKI-13316,2,2,2
XWIKI-13316,3,3,3
XWIKI-13316,4,4,4
XWIKI-13316,5,4,5
XWIKI-13316,6,4,6
XWIKI-13316,7,4,6
XWIKI-13316,8,4,6
XWIKI-13316,9,5,7
XWIKI-13316,10,6,8
XWIKI-13457,7,1,1
XWIKI-13457,8,1,1
XWIKI-13457,9,1,1
XWIKI-13457,10,1,1
XWIKI-13457,11,1,1
XWIKI-13457,12,1,2
XWIKI-13457,13,1,2
XWIKI-13457,14,1,3
XWIKI-13457,15,1,4
XWIKI-13457,16,2,5
XWIKI-13457,17,2,6
XWIKI-13457,18,3,7
XWIKI-13457,19,3,7
XWIKI-13457,28,4,8
XWIKI-13457,30,5,9
XWIKI-13457,32,6,10
XWIKI-13457,34,7,11
XWIKI-13457,36,8,12
XWIKI-13457,38,9,13
XWIKI-14227,1,1,1
XWIKI-14227,2,2,2
XWIKI-14227,3,3,3
XWIKI-14227,4,4,4
XWIKI-14227,5,4,5
XWIKI-14227,6,4,6
XWIKI-14227,7,5,7
XWIKI-14227,8,5,8
XWIKI-14227,9,5,9
XWIKI-14227,10,5,10
XWIKI-14227,11,6,11
XWIKI-14227,12,6,12
XWIKI-14227,13,6,12
XWIKI-14227,14,7,13
XWIKI-14227,15,8,14
XWIKI-14227,16,8,15
XWIKI-14227,17,8,15
XWIKI-14227,18,8,16
XWIKI-14227,19,8,17
XWIKI-14227,20,8,18
XWIKI-14227,21,8,18
XWIKI-14227,22,8,19
XWIKI-14227,23,9,20
XWIKI-14227,24,10,21
XWIKI-14227,25,10,22
XRENDERING-418,1,1,1
XRENDERING-418,2,2,2
XRENDERING-418,3,2,3
XRENDERING-418,4,3,4
XRENDERING-418,5,4,5
XRENDERING-418,6,5,6
XRENDERING-418,7,6,7
XRENDERING-418,8,7,8
XRENDERING-418,9,7,8
XRENDERING-418,10,8,9
XRENDERING-418,11,8,9
XRENDERING-418,12,9,10
XRENDERING-418,13,9,10
XRENDERING-418,14,10,11
XRENDERING-418,15,11,12
XRENDERING-418,16,12,13
XRENDERING-418,17,13,14
XRENDERING-418,18,14,15
XRENDERING-418,19,14,16
XRENDERING-418,20,15,17
XRENDERING-418,21,16,18
XRENDERING-418,22,17,19
XRENDERING-418,23,18,20
XRENDERING-418,24,18,20
XRENDERING-418,25,19,21
XRENDERING-418,26,19,21
XRENDERING-418,27,20,22
XRENDERING-418,29,20,23
XRENDERING-418,31,20,23
XRENDERING-418,33,20,23
XRENDERING-418,34,21,24
XRENDERING-418,35,22,25
XRENDERING-418,36,22,25
XRENDERING-418,37,23,26
XRENDERING-418,38,24,27
XRENDERING-418,41,25,28
XRENDERING-418,44,26,29
XRENDERING-418,47,27,30
XRENDERING-418,50,28,31
XRENDERING-418,53,29,32
XWIKI-13372,1,1,1
XWIKI-13372,2,2,2
XWIKI-13372,3,3,3
XWIKI-13372,4,4,4
XWIKI-13372,5,5,5
XWIKI-13372,6,6,6
XWIKI-13372,7,7,7
XWIKI-13372,8,7,8
XWIKI-13372,9,7,8
XWIKI-13372,10,7,9
XWIKI-13372,11,8,10
XWIKI-13372,12,8,11
XWIKI-13372,13,9,12
XWIKI-13372,14,10,13
XWIKI-13372,15,10,14
XWIKI-13372,16,10,15
XWIKI-13372,17,11,16
XWIKI-13372,18,12,17
XWIKI-13372,19,12,18
XWIKI-13372,20,13,19
XWIKI-13372,21,13,20
XWIKI-13372,22,13,20
XWIKI-13372,23,13,20
XWIKI-13196,1,1,1
XWIKI-13196,2,1,2
XWIKI-13196,3,2,3
XWIKI-13196,4,3,4
XWIKI-13196,5,4,5
XWIKI-13196,6,4,6
XWIKI-13196,7,5,7
XWIKI-13196,8,6,8
XWIKI-13196,9,7,9
MOCKITO-38b,1,1,1
MOCKITO-38b,2,1,2
LANG-47b,1,1,1
LANG-39b,1,1,1
LANG-39b,2,1,1
LANG-57b,1,1,1
MATH-4b,1,1,1
MATH-4b,2,1,2
MATH-4b,3,2,3
CHART-13b,2,1,1
CHART-13b,3,1,2
CHART-13b,4,1,3
CHART-13b,5,1,3
CHART-13b,6,2,4
LANG-13b,4,1,1
LANG-13b,5,2,2
LANG-16b,1,1,1
LANG-19b,1,1,1
LANG-19b,2,2,2
LANG-19b,3,2,2
LANG-1b,1,1,1
LANG-1b,2,1,2
LANG-20b,1,1,1
LANG-20b,2,1,1
LANG-20b,3,1,1
LANG-27b,1,1,1
LANG-27b,2,2,2
LANG-2b,1,1,1
LANG-35b,1,1,1
LANG-35b,2,1,2
LANG-36b,1,1,1
LANG-37b,1,1,1
LANG-44b,1,1,1
LANG-45b,1,1,1
LANG-51b,1,1,1
LANG-54b,1,1,1
LANG-5b,1,1,1
LANG-6b,1,1,1
LANG-6b,2,1,1
LANG-6b,3,2,2
MATH-101b,1,1,1
MATH-103b,1,1,1
MATH-103b,2,2,2
MATH-103b,3,3,3
MATH-1b,1,1,1
MATH-1b,2,1,1
MATH-31b,1,1,1
MATH-31b,2,2,2
MATH-31b,3,2,2
MATH-31b,4,2,2
MATH-31b,5,3,3
MATH-31b,6,4,4
MATH-31b,7,4,5
MATH-31b,8,4,6
MATH-38b,1,1,1
MATH-38b,2,1,2
MATH-38b,3,1,3
MATH-38b,4,1,4
MATH-38b,5,2,5
MATH-38b,6,3,6
MATH-3b,1,1,1
MATH-40b,1,1,1
MATH-40b,2,1,2
MATH-40b,3,2,3
MATH-40b,4,2,4
MATH-40b,5,2,5
MATH-49b,1,1,1
MATH-49b,2,2,2
MATH-49b,3,3,3
MATH-49b,4,3,3
MATH-51b,1,1,1
MATH-51b,2,1,2
MATH-51b,3,2,3
MATH-51b,4,2,4
MATH-51b,5,2,5
MATH-51b,6,2,5
MATH-51b,7,2,5
MATH-58b,1,1,1
MATH-58b,2,1,2
MATH-58b,3,2,3
MATH-58b,4,3,4
MATH-58b,5,4,5
MATH-58b,6,5,6
MATH-58b,7,5,7
MATH-58b,8,5,8
MATH-58b,9,5,8
MATH-58b,10,6,9
MATH-58b,11,6,9
MATH-58b,12,7,10
MATH-60b,1,1,1
MATH-60b,2,2,2
MATH-60b,3,2,3
MATH-60b,4,3,4
MATH-60b,5,4,5
MATH-61b,1,1,1
MATH-61b,2,2,2
MATH-61b,3,2,2
MATH-78b,1,1,1
MATH-78b,2,2,2
MATH-78b,3,3,3
MATH-84b,1,1,1
MATH-84b,2,2,2
MATH-84b,3,2,3
MATH-85b,1,1,1
MATH-85b,2,1,1
MATH-85b,3,2,2
MATH-8b,1,1,1
MATH-90b,1,1,1
MATH-95b,1,1,1
MATH-95b,2,1,1
MATH-95b,3,2,2
MATH-95b,4,3,3
MATH-97b,1,1,1
MOCKITO-10b,1,1,1
MOCKITO-10b,2,2,2
MOCKITO-10b,3,3,3
MOCKITO-10b,4,3,4
MOCKITO-10b,5,4,5
MOCKITO-10b,6,5,6
MOCKITO-10b,7,5,7
MOCKITO-10b,8,5,8
MOCKITO-10b,9,6,9
MOCKITO-10b,10,7,10
MOCKITO-10b,11,8,11
MOCKITO-10b,12,9,12
MOCKITO-16b,1,1,1
MOCKITO-16b,2,2,2
MOCKITO-16b,3,2,3
MOCKITO-16b,4,3,4
MOCKITO-1b,1,1,1
MOCKITO-1b,2,2,2
MOCKITO-1b,3,3,3
MOCKITO-1b,4,4,4
MOCKITO-1b,5,5,5
MOCKITO-1b,6,5,6
MOCKITO-1b,7,6,7
MOCKITO-1b,8,7,8
MOCKITO-1b,9,8,9
MOCKITO-1b,10,8,10
MOCKITO-21b,1,1,1
MOCKITO-21b,2,1,2
MOCKITO-21b,3,1,3
MOCKITO-4b,1,1,1
MOCKITO-7b,1,1,1
MOCKITO-7b,2,1,1
MOCKITO-7b,3,1,2
MOCKITO-7b,4,2,3
MOCKITO-7b,5,3,4
MOCKITO-7b,6,4,5
MOCKITO-7b,7,5,6
MOCKITO-7b,8,6,7
MOCKITO-9b,1,1,1
MOCKITO-9b,2,2,2
MOCKITO-9b,3,3,3
MOCKITO-9b,4,4,4
MOCKITO-9b,5,5,5
MOCKITO-9b,6,6,6
MOCKITO-9b,7,7,7
TIME-10b,1,1,1
TIME-10b,2,2,2
TIME-10b,3,3,3
TIME-10b,4,4,4
TIME-10b,5,5,5
TIME-14b,1,1,1
TIME-14b,2,2,2
TIME-14b,3,3,3
TIME-14b,4,4,4
TIME-14b,5,4,5
TIME-18b,1,1,1
TIME-18b,2,2,2
TIME-18b,3,2,3
TIME-18b,4,3,4
TIME-18b,5,4,5
TIME-18b,6,5,6
TIME-18b,7,6,7
TIME-20b,1,1,1
TIME-2b,1,1,1
TIME-2b,2,1,2
XCOMMONS-1057,1,1,1
XCOMMONS-1057,2,2,2
XCOMMONS-1057,3,2,3
XCOMMONS-1057,4,2,3
XCOMMONS-1057,5,2,4
XCOMMONS-1057,6,2,5
XCOMMONS-1057,7,3,6
XCOMMONS-1057,8,3,7
XRENDERING-481,1,1,1
XRENDERING-481,2,2,2
XRENDERING-481,3,3,3
XRENDERING-481,4,4,4
XRENDERING-481,5,5,5
XRENDERING-481,6,6,6
XRENDERING-481,7,6,6
XRENDERING-481,8,7,7
XRENDERING-481,9,8,8
XRENDERING-481,10,9,9
XRENDERING-481,11,10,10
XRENDERING-481,12,10,11
XRENDERING-481,13,10,11
XRENDERING-481,14,10,11
XRENDERING-481,15,11,12
XRENDERING-481,29,12,13
XRENDERING-481,32,13,14
XRENDERING-481,33,13,15
XRENDERING-481,34,14,16
XRENDERING-481,35,15,17
XRENDERING-481,36,15,18
XRENDERING-481,37,15,19
XRENDERING-481,38,16,20
XRENDERING-481,39,16,21
XRENDERING-481,40,16,21
XRENDERING-481,41,16,21
XRENDERING-481,42,17,22
XRENDERING-481,43,18,23
XRENDERING-481,44,18,24
XRENDERING-481,45,19,25
XRENDERING-481,57,19,25
XRENDERING-481,58,19,25
XRENDERING-481,59,19,25
XRENDERING-481,60,19,25
XRENDERING-481,61,19,25
XRENDERING-481,62,19,25
XRENDERING-481,63,19,25
XRENDERING-481,64,19,25
XRENDERING-481,65,19,25
XRENDERING-481,66,19,25
XRENDERING-481,67,19,25
XRENDERING-481,68,19,25
XRENDERING-481,69,19,25
XRENDERING-481,70,19,25
XRENDERING-481,87,19,25
XRENDERING-481,88,19,25
XRENDERING-481,89,19,25
XRENDERING-481,90,19,25
XRENDERING-481,91,19,25
XRENDERING-481,92,19,25
XRENDERING-481,93,19,25
XRENDERING-481,94,19,25
XRENDERING-481,95,19,25
XRENDERING-481,96,19,25
XRENDERING-481,97,19,25
XRENDERING-481,98,19,25
XRENDERING-481,99,20,26
XRENDERING-481,100,21,27
XRENDERING-481,101,21,27
XRENDERING-481,110,22,28
XRENDERING-481,112,23,29
XRENDERING-481,114,24,30
XRENDERING-481,116,25,31
XRENDERING-481,118,26,32
XRENDERING-481,120,27,33
XRENDERING-422,1,1,1
XRENDERING-422,2,1,2
XRENDERING-422,3,2,3
XRENDERING-422,4,3,4
XRENDERING-422,5,3,4
XRENDERING-422,6,4,5
XRENDERING-422,7,5,6
XRENDERING-422,8,5,6
XRENDERING-422,9,5,6
XRENDERING-422,10,5,7
XRENDERING-422,11,6,8
XRENDERING-422,12,7,9
XRENDERING-422,13,8,10
XRENDERING-422,14,8,11
XRENDERING-422,15,9,12
XRENDERING-422,17,10,13
XRENDERING-422,18,10,13
XRENDERING-422,19,10,14
XRENDERING-422,20,10,14
XRENDERING-422,21,10,15
XRENDERING-422,23,11,16
XRENDERING-422,25,12,17
XRENDERING-422,27,13,18
XRENDERING-422,29,13,18
XRENDERING-422,31,13,18
XRENDERING-422,32,14,19
XWIKI-13396,2,1,1
XWIKI-12798,1,1,1
XWIKI-12798,19,2,2
XWIKI-12798,20,2,3
XWIKI-12798,21,2,3
XWIKI-12798,22,3,4
XWIKI-12798,23,3,4
XWIKI-12798,24,4,5
XWIKI-12798,25,4,6
XWIKI-12798,26,4,6
XWIKI-12798,27,5,7
XWIKI-12798,28,6,8
XWIKI-12798,29,7,9
XWIKI-12798,30,8,10
XWIKI-12798,31,8,10
XWIKI-12798,32,8,10
XWIKI-12798,33,9,11
XWIKI-12798,34,9,11
XWIKI-12798,35,10,12
XWIKI-12798,36,10,12
XWIKI-12798,37,11,13
XWIKI-12798,38,11,13
XWIKI-12798,39,12,14
XWIKI-12798,40,12,14
XWIKI-12798,41,12,14
XWIKI-12798,42,13,15
XWIKI-12798,54,14,16
XWIKI-12798,57,14,16
XWIKI-12798,58,14,16
XWIKI-12798,59,14,16
XWIKI-12798,60,15,17
XWIKI-12798,61,15,18
XWIKI-12798,62,15,19
XWIKI-12798,63,15,19
XWIKI-12798,64,15,19
XWIKI-12798,65,16,20
XWIKI-12798,66,17,21
XWIKI-12798,67,17,22
XWIKI-12798,68,18,23
XWIKI-12798,80,18,23
XWIKI-12798,81,18,23
XWIKI-12798,82,18,23
XWIKI-12798,83,18,23
XWIKI-12798,84,18,23
XWIKI-12798,85,18,23
XWIKI-12798,86,18,23
XWIKI-12798,87,18,23
XWIKI-12798,88,18,23
XWIKI-12798,89,18,23
XWIKI-12798,90,18,23
XWIKI-12798,91,18,23
XWIKI-12798,108,18,23
XWIKI-12798,109,18,23
XWIKI-12798,110,18,23
XWIKI-12798,111,18,23
XWIKI-12798,112,18,23
XWIKI-12798,113,18,23
XWIKI-12798,114,18,23
XWIKI-12798,115,18,23
XWIKI-12798,116,18,23
XWIKI-12798,117,18,23
XWIKI-12798,118,19,24
XWIKI-12798,119,20,25
XWIKI-12798,120,20,25
XWIKI-12798,129,21,26
XWIKI-12798,131,22,27
XWIKI-12798,133,23,28
XWIKI-12798,135,24,29
XWIKI-12798,137,25,30
XWIKI-12798,139,26,31
XWIKI-12798,141,27,32
XWIKI-12889,1,1,1
XWIKI-12889,2,2,2
XWIKI-12889,46,3,3
XWIKI-12889,48,4,4
XWIKI-12889,50,5,5
XWIKI-12889,52,6,6
XWIKI-12889,54,7,7
XWIKI-12889,56,8,8
XWIKI-13544,1,1,1
XWIKI-13544,2,1,1
XWIKI-13544,3,2,2
XWIKI-13544,4,3,3
XWIKI-13544,5,4,4
XWIKI-13544,6,5,5
XWIKI-13544,7,5,5
XWIKI-13544,8,6,6
XWIKI-13544,9,7,7
XWIKI-13544,10,8,8
XWIKI-13544,11,9,9
XWIKI-13544,12,9,9
XWIKI-13544,13,9,9
XWIKI-13544,14,10,10
XWIKI-13544,16,11,11
XWIKI-13544,17,11,12
XWIKI-13544,18,11,12
XWIKI-13544,19,12,13
XWIKI-13544,20,12,14
XWIKI-13544,21,12,15
XWIKI-13544,22,12,15
XWIKI-13544,23,12,15
XWIKI-13544,24,13,16
XWIKI-13544,25,14,17
XWIKI-13544,26,14,18
XWIKI-13544,27,15,19
XWIKI-13544,41,15,19
XWIKI-13544,42,15,19
XWIKI-13544,43,15,19
XWIKI-13544,44,15,19
XWIKI-13544,45,15,19
XWIKI-13544,46,15,19
XWIKI-13544,47,15,19
XWIKI-13544,48,15,19
XWIKI-13544,49,15,19
XWIKI-13544,50,15,19
XWIKI-13544,51,16,20
XWIKI-13544,52,17,21
XWIKI-13544,53,17,21
XWIKI-13544,62,18,22
XWIKI-13544,65,19,23
XWIKI-13544,75,20,24
XWIKI-13544,78,21,25
XWIKI-13544,81,22,26
XWIKI-13544,84,23,27
XWIKI-13544,87,24,28
XWIKI-13345,1,1,1
XWIKI-13345,2,2,2
XWIKI-13407,1,1,1
XWIKI-13407,2,1,2
XWIKI-13407,3,2,3
XWIKI-13407,4,3,4
XWIKI-13407,5,3,5
XWIKI-13407,6,4,6
XWIKI-8281,1,1,1
XWIKI-8281,2,2,2
XWIKI-8281,3,2,3
XWIKI-8281,4,2,4
XWIKI-8281,5,3,5
XWIKI-14263,1,1,1
XWIKI-14263,2,2,2
XWIKI-14263,3,2,3
XWIKI-14263,4,2,4
XWIKI-14263,5,2,5
XWIKI-14263,6,3,6
XWIKI-14263,7,3,7
XWIKI-14263,8,4,8
XWIKI-14263,9,5,9
XWIKI-14263,10,6,10
XWIKI-14263,11,7,11
XWIKI-14263,12,7,11
XWIKI-14263,13,8,12
XWIKI-14263,30,9,13
XWIKI-14263,31,9,14
XWIKI-14263,32,10,15
XWIKI-14263,33,11,16
XWIKI-14263,34,11,17
XWIKI-14263,35,11,18
XWIKI-14263,36,11,18
XWIKI-14263,37,11,18
XWIKI-14263,38,12,19
XWIKI-14263,39,13,20
XWIKI-14263,40,13,21
XWIKI-14263,41,14,22
XWIKI-14263,53,14,22
XWIKI-14263,54,14,22
XWIKI-14263,55,14,22
XWIKI-14263,56,14,22
XWIKI-14263,57,14,22
XWIKI-14263,58,14,22
XWIKI-14263,59,14,22
XWIKI-14263,60,14,22
XWIKI-14263,61,14,22
XWIKI-14263,62,14,22
XWIKI-14263,63,14,22
XWIKI-14263,64,14,22
XWIKI-14263,79,14,22
XWIKI-14263,80,14,22
XWIKI-14263,81,14,22
XWIKI-14263,82,14,22
XWIKI-14263,83,14,22
XWIKI-14263,84,14,22
XWIKI-14263,85,14,22
XWIKI-14263,86,14,22
XWIKI-14263,87,14,22
XWIKI-14263,88,14,22
XWIKI-14263,89,15,23
XWIKI-14263,90,16,24
XWIKI-14263,91,16,24
XWIKI-14263,100,17,25
XWIKI-14263,103,18,26
XWIKI-14263,113,19,27
XWIKI-14263,116,20,28
XWIKI-14263,119,21,29
XWIKI-14263,122,22,30
XWIKI-14462,1,1,1
XWIKI-14462,2,1,1
XWIKI-14462,3,1,1
XWIKI-14462,4,1,1
XWIKI-14462,5,1,1
XWIKI-14462,6,1,2
XWIKI-14462,7,2,3
XWIKI-14462,8,3,4
XWIKI-14462,9,3,5
XWIKI-14462,10,4,6
XWIKI-14462,11,4,6
XWIKI-14462,12,4,6
XWIKI-14462,13,5,7
XWIKI-14462,14,6,8
XWIKI-14462,15,7,9
XWIKI-14462,16,7,9
XWIKI-14462,17,7,9
XWIKI-14599,1,1,1
XWIKI-14599,2,2,2
XWIKI-14599,3,2,3
XWIKI-14599,4,2,3
XWIKI-14599,5,2,3
XWIKI-14599,6,2,3
XWIKI-14599,7,2,3
XWIKI-14599,8,2,3
XWIKI-14599,9,2,3
XWIKI-14599,10,2,3
XWIKI-14599,11,2,4
XWIKI-14599,12,2,5
XWIKI-14599,13,2,6
XWIKI-14599,14,3,7
XWIKI-14599,15,3,7
XWIKI-14599,16,4,8
XWIKI-14599,17,4,9
XWIKI-14599,18,4,10
XWIKI-13193,1,1,1
XWIKI-12855,29,1,1
XWIKI-12855,30,2,2
XWIKI-12855,31,2,2
XWIKI-12855,32,3,3
XWIKI-12896,11,1,1
XWIKI-12896,12,1,1
XWIKI-12896,13,2,2
XWIKI-12919,1,1,1
XWIKI-12919,2,2,2
XWIKI-12919,3,3,3
XWIKI-12919,4,4,4
XWIKI-13137,3,1,1
XWIKI-13138,1,1,1
XWIKI-13138,2,1,2
XWIKI-13138,3,1,3
XWIKI-13138,4,2,4
XWIKI-13138,5,2,4
XWIKI-13138,6,3,5
XWIKI-13138,7,3,5
XWIKI-13138,8,3,5
XWIKI-13138,9,3,6
XWIKI-13138,10,3,7
XWIKI-13138,11,3,8
XWIKI-13138,12,4,9
XWIKI-13138,13,5,10
XWIKI-13138,14,6,11
XWIKI-13138,15,7,12
XWIKI-13138,16,8,13
XWIKI-13138,17,8,14
XWIKI-13141,1,1,1
XWIKI-13141,2,2,2
XWIKI-13141,3,2,2
XWIKI-13141,4,3,3
XWIKI-13141,5,4,4
XWIKI-13141,6,4,5
XWIKI-13141,7,5,6
XWIKI-13141,8,5,6
XWIKI-13141,17,6,7
XWIKI-13141,19,7,8
XWIKI-13141,21,8,9
XWIKI-13141,23,9,10
XWIKI-13141,36,9,10
XWIKI-13141,38,9,10
XWIKI-13141,40,10,11
XWIKI-13141,42,11,12
XWIKI-13141,44,11,12
XWIKI-13141,46,11,12
XWIKI-13141,48,12,13
XWIKI-13288,13,1,1
XWIKI-13288,14,2,2
XWIKI-13288,15,3,3
XWIKI-14149,19,1,1
XWIKI-14149,20,1,1
XWIKI-14149,21,2,2
XWIKI-14302,15,1,1
XWIKI-14302,16,1,1
XWIKI-14302,17,2,2
XWIKI-14556,5,1,1
XWIKI-14556,6,1,2
XWIKI-14556,7,1,3
XWIKI-14556,8,2,4
XWIKI-14556,9,2,4
XWIKI-14556,10,3,5
XWIKI-14122,17,1,1
XWIKI-14122,18,1,2
XWIKI-14122,19,2,3
XWIKI-14122,20,3,4
XWIKI-14122,21,3,4
XWIKI-14122,22,3,5
XWIKI-14122,23,4,6
XWIKI-14122,24,4,6
XWIKI-14122,25,4,6
XWIKI-14122,26,4,6
XWIKI-14122,27,4,6
XWIKI-14122,28,5,7
XWIKI-14122,29,5,8
XWIKI-14122,30,5,8
XWIKI-14122,31,5,9
XWIKI-14122,32,6,10
XWIKI-14122,33,6,11
XWIKI-14122,34,7,12
XWIKI-14122,35,8,13
XWIKI-14122,36,8,14
XWIKI-14122,37,8,15
XWIKI-14122,38,9,16
XWIKI-14122,39,10,17
XWIKI-14122,40,10,18
XWIKI-14626,1,1,1
XWIKI-14626,2,1,2
XWIKI-14626,3,2,3
XWIKI-14626,4,2,3
XWIKI-14626,5,3,4
TIME-5b,1,1,1
TIME-5b,2,2,2
TIME-5b,3,2,3
TIME-7b,1,1,1
TIME-7b,2,2,2
TIME-7b,3,3,3
TIME-7b,4,4,4
TIME-7b,5,4,4
TIME-7b,6,5,5
TIME-8b,1,1,1
